timestamp	group	decision	paths	evidence	limits
2026-10-07	frame	Retain exact identity and original context across managed handoffs; one writer	lume-provenance-repair-round2.md;lume-source-boundary-census.json	source-test-1791351730088 has 0/2 passes; other findings static	No acceptance or current-tree pass claimed
2026-10-07	1 A1	Office-owned cascading attempts; independent approvals and page versions survive private conversation deletion	db/postgres/0083_retained_source_bindings.sql;src/lib/documents/shared-writing.ts;tests/source-round2.test.ts;tests/chat-source-boundary.test.ts	source-test-1791352050518 negative PG23503;source-test-1791352995076 11/11;source-test-1791353720562 lifecycle/purge passes	Parent acceptance pending; final frozen suites recorded in report
2026-10-07	2 A2/B3/C2	Opaque actor/case plan retains petition policy and exact scan/artifact identities through edited review and generation	src/lib/annexes.ts;src/lib/capabilities/annexes.ts;src/components/vault-annexes.tsx;src/lib/application/annexes-service.ts;tests/source-annex-plan.test.ts;e2e/annex-plan.e2e.ts	source-test-1791354015631 4 annex passes;source-e2e-1791353744339 actual review/generate/changed-scan 1/1	No live model; known managed baseline conservative across omission/old IDs
2026-10-07	3 A3	Retain exact catalog policy/version/reference through cache and reauthorize TypeSafe transport; public web retained	src/lib/knowledge/retrieval.ts;src/lib/citations/sources.ts;src/lib/citations/review.ts;tests/source-catalog-cache.test.ts	source-test-1791354100374 2/2 catalog and neighboring search replay	Known legacy catalog identity fails closed; arbitrary independent web links stay public
2026-10-07	4 A4	Preserve bounded outbound subject; remote headers only supply compatible reply threading	src/lib/google/gmail/service.ts;tests/source-gmail-binding.test.ts	source-test-1791352995076 seeded/unseeded agent and direct human dispatch passes	No real Gmail send; changed independent subject can start a new thread
2026-10-07	5 B1/C1	Reserve one effect; typed exact historical replay reauthorizes, validates and records each exposure	src/lib/application/idempotency-service.ts;src/lib/application/capability-replay.ts;src/lib/application/agent-settings-service.ts;src/lib/application/research-service.ts;src/lib/agent-tools/index.ts;tests/source-round2.test.ts	source-test-1791352050518 negative protected replay;source-test-1791353720562 concurrent save and settings passes;source-test-1791354100374 catalog search replay	Ambiguous failures remain unknown and crashed reservations pending; legacy unbound responses unavailable
2026-10-07	6 B2	Gate then FK parent then session/access order across invite/renew/revoke/accept/upload; registration retains original PG pool	src/lib/client-portal/service.ts;src/lib/client-portal/invitations.ts;src/lib/auth-core.ts;tests/client-portal.test.ts;tests/auth.test.ts	source-test-1791354154178 portal 10/10 deterministic owners;auth registration in source-test-1791354459140 passes	Old deadlock was static trace, not runtime reproduced before edits
2026-10-07	7 B4	Original trusted staff/client context and signal survive storage and final post-wait authorization	src/lib/client-portal/service.ts;src/lib/client-portal/http.ts;src/app/api/client-portal/invitations/[token]/route.ts;tests/client-portal.test.ts	source-test-1791354154178 natural staff/client/invitation expiry, real logout/cancel, ordered revoke	Revocations behind an authorized locked upload linearize after it and deny later access
2026-10-07	8 B5/C3	Private discovery observes exact original-file metadata without stale extraction; explicit shared text remains strict	src/lib/chat-turn.ts;tests/chat-source-boundary.test.ts;e2e/private-chat-readiness.e2e.ts	source-test-1791352995076 actual authenticated provider/PDF admission;source-e2e-1791353944478 mobile composer 1/1	Browser has no live model and reaches IA-unconfigured UI; successful stream proven at provider boundary
2026-10-07	9 C4	Authorization generation persists in preparation/review/draft binding and is checked immediately before Google POST	src/lib/google/gmail/service.ts;src/lib/google/operations.ts;tests/source-gmail-binding.test.ts	source-test-1791352995076 same-account generation change during remote wait denies POST and fresh human send succeeds	Completed/unknown reconciliation preserved; no cross-account takeover claim
2026-10-07	frozen verification	219/219 PostgreSQL;49/49 browser;41 scoped ESLint files;root typecheck exit0	28 PostgreSQL suites;11 browser suites plus authentication setup;53 frozen files	source-test-1791355088952;source-e2e-1791355147204;source-checks-1791354854864;source-round2-scoped-lint.log	22 real session429;zero pageError;prior navigation intermittent cause unresolved;parent acceptance/full-root pending
2026-10-07	negative transition / integrity	Original parent repro now2/2;ten immutable applied checksums match;zero temporary schemas/triggers	lume-source-round2-repro.test.ts;source-round2-freeze.json;source-round2-preview/manifest.json	source-test-1791355903270;source-round2-manifest-1791355915691;13 native media files	Old0/2 logs retained;no live model/email;no self-acceptance
