item	findings	repair	paths	evidence	remaining
1	A1/C2	Gate-first mutation owners; same-transaction move and current authorization	acl-transaction.ts; collaboration/service.ts; vault.ts; application/vault-service.ts; db/postgres.ts; office-deletion.ts; research/case-references.ts	source-acl.test.ts; source-test-1791348944253	Parent root checks/acceptance; inventory traced, actual concurrency covers participant/content and restricted move
2	B7	Wall-clock session checks; content transaction final recheck	application/context.ts; documents/service.ts; collaboration/service.ts; research/case-profile.ts; personal-chat/{service,shares,email-worker}.ts; client-portal/service.ts	auth.test.ts; source-session-expiry.test.ts; source-test-1791348944253; source-test-1791349946989	Parent acceptance; natural expiry proved on gate and later run-row wait
3	A6/B3/C5	Exact extraction active version/hash/lease and fail-closed admission	vault.ts; content-policy.ts; google/drive/import.ts; annexes.ts; 0078_source_policy_repair.sql	source-extraction.test.ts; google-drive.test.ts; source-test-1791348944253; source-test-1791349946989	Provider/OCR transport boundary evidence; no live quality claim
4	A7/B5/C6	Authenticated transcription, pinned inline/uploaded/DOCX images; unsupported shared native audio rejection	api/chat/route.ts; documents/shared-writing.ts; content-policy.ts; chat-contract.ts	chat-audio-source.test.ts; source-repair-behavior.test.ts; source-test-1791348944253; source-test-1791349946989	No live external model; unsupported native audio is explicit
5	B6/C7	Explicit selected task; immutable original instructions/input refs; independent clear	documents/shared-writing.ts; chat-contract.ts; agent-chat.tsx	source-repair-behavior.test.ts; source-policy.e2e.ts; source-test-1791349946989; source-e2e-1791350171158	UI card arranged; actual continuation generation/ACL proved at services
6	B1	Returned resource/version policy exposure and historical access independent of latest	application/artifacts-service.ts; case-pages/{service,provenance}.ts; application/{vault-service,knowledge-service}.ts; knowledge/retrieval.ts; agent-tools/index.ts	source-repair-behavior.test.ts; content-policy.test.ts; source-test-1791348944253; source-test-1791349946989	Parent acceptance; DTOs exclude policy internals
7	A4	Cached canonical source policy and immutable citation identity checked before TypeSafe	citations/{sources,artifact-review}.ts; application/knowledge-service.ts	source-repair-behavior.test.ts; source-test-1791349946989	TypeSafe transport boundary only; public sources retained
8	A5	Stable read-time legacy classification/observation identity	content-policy.ts	google-drive.test.ts; source-test-1791348944253	Legacy human assumption retained; changed version/hash denied
9	A2/B2	Actual Gmail contributors and common source audience	google/gmail/{insights,service}.ts	google-email-insights.test.ts; source-test-1791348944253	Controlled remote transport; no external email sent
10	A3/C4/B concern	Server compose identity across draft edit/save/open/unknown response/reconciliation/send	google/gmail/service.ts; gmail-panel.tsx; capabilities/google.ts	google-email-insights.test.ts; source-test-1791348944253	Unrecognizable manual paste/new independent compose remains outside known lineage
11	B4	Prepare exact Calendar writer bytes before approval; atomic consume/result; exact replay	google/calendar/service.ts; google/approval-review.ts; api/approvals/[id]/route.ts; agent-chat.tsx; 0080_calendar_share_review.sql	google-calendar.test.ts; source-test-1791348944253	Controlled provider/remote transport; no live Calendar publication
12	C1	Explicit canonical Vault classification/context; managed annex obligations and original folder	vault.ts; annexes.ts; application/vault-service.ts; api/vault/documents/route.ts	source-archive.test.ts; annexes.test.ts; content-exits.test.ts; source-test-1791348944253	External rendering/storage staged; A/B/C and revocation proved; parent acceptance
13	C3	Original session/cancellation carried to canonical writer; guarded reuse only on uniqueness	application/vault-service.ts; vault.ts; documents/service.ts	source-archive.test.ts; source-test-1791348944253; source-test-1791349063832	Real Better Auth logout and cancellation; no reachable denied copy
14	C8	Resolve exact consumed historical edit before current content; exact exposure/citation	application/artifacts-service.ts; documents/service.ts; case-pages/provenance.ts	source-repair-behavior.test.ts; source-test-1791349946989	Actual approval replay preserves A3 and returns A2; parent acceptance
15	A/B/C browser	Trace/log diagnosis; canonical test setup; frozen combined desktop/mobile/keyboard and recording	e2e/{document-saving,lume-shell,source-policy}.e2e.ts; source-repair-preview-1791348900115	source-e2e-1791350171158:43/43; zero pageError; source-repair-manifest-1791350633474:63 identical hashes	25 actual session-refresh 429s retained; parent root/build/acceptance; no console-clean/live-quality claim
migration-compat	Late repair fault	Immutable 0081 negative 23514; additive temporary migration guard preserves old states and is removed; runtime NOT_READY for incomplete captures	0080a_capture_upgrade_compat.sql; 0082_capture_upgrade_compat_cleanup.sql; case-pages/service.ts	source-repair-behavior.test.ts; source-test-1791349946989; source-migrate-1791349889061	Applied only to owned run; six checksums match; no temporary trigger/fixture schemas remain
