time	unit	decision	evidence
2026-10-07T04:00:00Z	start	Sole writer on feat/lume-agent-canvas. Preserve editor repair, no delegation or root test/build. Version policy contains exact digest, eligibility, owner fences, flat intrinsic guards and observed version receipts.	Accepted synthesis and editor handoff read; doctor healthy on 62541/62542; own T3 tab opened.
2026-10-07T04:00:00Z	checkpoint	Throughput checkpoint. Implement canonical policy and one real shared-writing path first; then migrate every enumerated producer and exit; PostgreSQL/provider and browser verification are required before handoff.	No architecture round or human checkpoint. Existing structured runtime and domain services remain owners.
2026-10-07T03:27:00Z	timestamp-correction	The two initial rows used a hard-coded 04:00Z label, not a clock observation. This append-only correction preserves them; later entries use observed UTC and identify retrospective decisions.	Initial labels are not execution timestamps.
2026-10-07T03:27:00Z	policy-shape	Retrospective: format-1 digest-bound policies carry eligibility, origin, owner fences, flat intrinsic guards, observed versions and receipt. Historical obligations are immutable; current resource ACL remains live.	src/lib/content-policy.ts; db/postgres/0076_content_policy.sql
2026-10-07T03:27:00Z	generation	Retrospective: retain private chat/runtime/memory; shared writing resolves recorded authenticated request, exact eligible continuation and pinned inputs through existing tool-free structured generation. Durable attempt stores actual provider input and exact output.	src/lib/documents/shared-writing.ts; tests/chat-source-boundary.test.ts; tests/content-policy.test.ts
2026-10-07T03:27:00Z	transaction	Retrospective: central private writer owns CAS/history/compact policy/approval result. Page writer commits exact mutation/version/policy/consumption/result. Statement triggers order actual ACL/session mutation paths before row locks with one schema-scoped shared/exclusive gate.	src/lib/documents/service.ts; src/lib/case-pages/service.ts; content-policy PostgreSQL barrier test
2026-10-07T03:27:00Z	managed-exits	Retrospective: migrate Vault versions/list/count/chunks/download, pinned shares, portal/templates, Gmail/Drive/Docs/calendar/WhatsApp/personal messages. Reject unsupported protected external delivery and retain existing exact confirmation/reconciliation.	Final implementation report writer/exit matrix; tests/content-exits.test.ts
2026-10-07T03:27:00Z	migrations	0076 and later additive 0077 applied only to owned disposable verification database. 0077 closes malformed policy SQL visibility and legacy material-version obligations. Applied files were not edited afterward.	source-migrate-1791341575288; source-migrate-1791342840478
2026-10-07T03:27:00Z	checks	Scoped TypeScript and ESLint passed; 96 production/regression tests passed. Additional final source tests still running. Root full tests/build remain parent-owned.	source-test-1791343107922/output.log; tsc session 81191; eslint session 68995
2026-10-07T03:27:00Z	editor-regressions	All 16 editor repair cases and all 12 document-saving cases passed; second combined UI run had 39 passes and 2 navigation timeout failures. Preserve failures; repeat affected suites without production editor changes.	source-e2e-1791342994695/report.json
2026-10-07T03:27:00Z	real-ui	Actual T3 desktop/mobile publication reviewed exact text, keyboard confirmation, reload and SQL byte equality. Actual T3 legacy-model DOCX archive succeeded in owner Library. Browser fixture arrangement is labeled separately from interactions.	T3 recordings and screenshots copied into source-browser evidence; no browser fallback
2026-10-07T03:43:46.1092649Z	handoff	Fresh GPT-6.1 Sol High sole writer inherited all production changes and the frozen report. No delegation or design restart. Doctor confirmed owned 62541/62542 instance.	Frozen report SHA-256 6df4e89a7363ffe480f27b2fab34f2d4253e6a8aae9d6cb09bf3f23e4f9c14ac; source-handoff-1791344486879/checks.json
2026-10-07T03:43:46.1092649Z	barrier-observer	Interrupted final run failed 9/10. Held transaction cached pg_stat_activity. Added pg_stat_clear_snapshot before each read without changing the two-waiter assertion or production code.	source-test-1791343987620 and source-test-1791344067674 failures retained; corrected source-test-1791344311665 passed 10/10
2026-10-07T03:43:46.1092649Z	final-scoped-checks	Final inventory ESLint and app-wide tsc passed after the only application-file change, tests/content-policy.test.ts. No production change justified another browser regression run.	source-static-1791344384974 exit 0; tsc session 42776 exit 0; git diff --check exit 0
2026-10-07T03:43:46.1092649Z	read-only-revalidation	Confirmed actual inherited counts, 82 paths, sole content writers, applied migration checksums and current exact publication/archive/review SQL outcomes. Fresh T3 read of private original and consumed shared result passed at desktop/390px.	source-handoff-1791344486879/checks.json; source-browser-handoff-1791344571883; original source-browser assets retained
2026-10-07T03:43:46.1092649Z	limits	No live external-model smoke and no final all-green combined browser run claimed. Prior navigation timeouts remain unexplained. Root checks/build and formal no-comments/interrogate/acceptance stay parent-owned.	Final implementation report separates inherited evidence from final writer verification
2026-10-07T03:44:29.9487045Z	closing	Final document link/path checks, frozen report hash, 82-file census and applied 0076/0077 checksums passed. Doctor healthy, supervisor 31032 and Next 38616 alive on 62541/62542. No active source-test process remained. Writer relinquishes the slot for parent acceptance/review; the isolated app stays running.	source-handoff-1791344643868/checks.json; source-test-1791344311665 10/10; source-static-1791344384974 exit 0; tsc session 42776 exit 0; source-browser-handoff-1791344571883
